source_type,event_name,source,year,session_title,abstract,topic_terms,url,source_url,crawl_depth
conference_session,Identiverse,Identiverse 2023 archive,2023,Session Title Speaker(s) Recording Presentation,Session Title Speaker(s) Recording Presentation,,https://events.identiverse.com/identiverse2023,https://events.identiverse.com/identiverse2023,0
conference_session,Identiverse,Identiverse 2023 archive,2023,Recording,How to Audit an AI Model for Bias Brenda Leong - BNH.AI Tatiana Rice - Future of Privacy Forum Recording Presentation,ai_and_automation; privacy_and_risk,https://events.identiverse.com/identiverse2023,https://events.identiverse.com/identiverse2023,0
conference_session,Identiverse,Identiverse 2023 archive,2023,Recording,Identity Is the Key to Supply Chain Security Marc Boorshtein - Tremolo Security Recording Presentation,privacy_and_risk,https://events.identiverse.com/identiverse2023,https://events.identiverse.com/identiverse2023,0
conference_session,Identiverse,Identiverse 2023 archive,2023,Recording,Introduction to Identity Espen Bago - Norwegian Labour and Welfare Admin Lance Peterman - Equitable / Univ of North Carolina at Charlotte Recording Presentation,,https://events.identiverse.com/identiverse2023,https://events.identiverse.com/identiverse2023,0
conference_session,Identiverse,Identiverse 2023 archive,2023,Recording,Kantara Initiative - Global Leader in Digital Identity Kay Chopard - Kantara Initiative Lynzie Adams - Kantara Initiative Recording Presentation,identity_representation,https://events.identiverse.com/identiverse2023,https://events.identiverse.com/identiverse2023,0
conference_session,Identiverse,Identiverse 2023 archive,2023,Recording,Go Passwordless with Passkeys: A WebAuthn Developer Workshop Matthew Miller - Cisco Megan Shamas - FIDO Alliance Nick Steele - 1Password Shane Weeden - IBM Recording Presentation,,https://events.identiverse.com/identiverse2023,https://events.identiverse.com/identiverse2023,0
conference_session,Identiverse,Identiverse 2023 archive,2023,Recording,Introduction to Privacy Jamie Danker - Venable LLP Ivy Orecchio - Venable LLP Zachary Martin - Venable LLP Recording Presentation,privacy_and_risk,https://events.identiverse.com/identiverse2023,https://events.identiverse.com/identiverse2023,0
conference_session,Identiverse,Identiverse 2023 archive,2023,Recording,Seven White Papers on Identity and the OpenID Foundation Strategy Gail Hodges - OpenID Foundation Nancy Cam-Winget - Cisco Nat Sakimura - OpenID Foundation Vittorio Bertocci - Auth0/Okta Ramesh Narayanan - MOSIP Recording Presentation,,https://events.identiverse.com/identiverse2023,https://events.identiverse.com/identiverse2023,0
conference_session,Identiverse,Identiverse 2023 archive,2023,Recording,Solving the Identity Skills Gap - What Skills are Needed and How Can We Grow New Talent Miki Brotzler - NAB Kevin Streater - ForgeRock Recording Presentation,,https://events.identiverse.com/identiverse2023,https://events.identiverse.com/identiverse2023,0
conference_session,Identiverse,Identiverse 2023 archive,2023,Recording,Identity Under Attack Andre Durand - Ping Identity Recording Presentation,,https://events.identiverse.com/identiverse2023,https://events.identiverse.com/identiverse2023,0
conference_session,Identiverse,Identiverse 2023 archive,2023,Guest Keynote MJ Hegar Not Available Not Available,Guest Keynote MJ Hegar Not Available Not Available,,https://events.identiverse.com/identiverse2023,https://events.identiverse.com/identiverse2023,0
conference_session,Identiverse,Identiverse 2023 archive,2023,Session Title Speaker(s) Recording Presentation,Session Title Speaker(s) Recording Presentation,,https://events.identiverse.com/identiverse2023,https://events.identiverse.com/identiverse2023,0
conference_session,Identiverse,Identiverse 2023 archive,2023,Recording,Making Passkeys Inevitable Andrew Shikiar - FIDO Alliance Recording Presentation,,https://events.identiverse.com/identiverse2023,https://events.identiverse.com/identiverse2023,0
conference_session,Identiverse,Identiverse 2023 archive,2023,Recording,Open Standards for the Intelligent Trust Fabric Alex Simons - Microsoft Recording Presentation,,https://events.identiverse.com/identiverse2023,https://events.identiverse.com/identiverse2023,0
conference_session,Identiverse,Identiverse 2023 archive,2023,Recording,Bah-da-bah-bah Bottleneck: Addressing Crew Onboarding Challenges at McDonald’s Ebony Love - McDonald's Recording Presentation,,https://events.identiverse.com/identiverse2023,https://events.identiverse.com/identiverse2023,0
conference_session,Identiverse,Identiverse 2023 archive,2023,Recording,Passkeys are Here! What Now? Christiaan Brand - Google Recording Presentation,,https://events.identiverse.com/identiverse2023,https://events.identiverse.com/identiverse2023,0
conference_session,Identiverse,Identiverse 2023 archive,2023,Recording,Stealing Identities and Privilege Escalation: The Real-World Story of a Ransomware Attack Joseph Carson - Delinea Recording Presentation,,https://events.identiverse.com/identiverse2023,https://events.identiverse.com/identiverse2023,0
conference_session,Identiverse,Identiverse 2023 archive,2023,Recording,Your Customer Doesn't Have a Credential — Now What? Steve Pannifer - Consult Hyperion Recording Presentation,,https://events.identiverse.com/identiverse2023,https://events.identiverse.com/identiverse2023,0
conference_session,Identiverse,Identiverse 2023 archive,2023,Recording,Zero Trust Architecture for B2C Identity at General Motors Andrew Cameron - GM Recording Presentation,,https://events.identiverse.com/identiverse2023,https://events.identiverse.com/identiverse2023,0
conference_session,Identiverse,Identiverse 2023 archive,2023,Recording,Liminal Presents: The Evolving Digital Identity Landscape Travis Jarae - Liminal Recording Presentation,identity_representation,https://events.identiverse.com/identiverse2023,https://events.identiverse.com/identiverse2023,0
conference_session,Identiverse,Identiverse 2023 archive,2023,Recording,"Oops, I got 10 Billion Users! Top 10 Steps to a Healthy and Valuable Account System Robin Goldstein - Microsoft Recording Presentation",,https://events.identiverse.com/identiverse2023,https://events.identiverse.com/identiverse2023,0
conference_session,Identiverse,Identiverse 2023 archive,2023,Recording,Seamless and Secure — Give Your Customers the Experience They Deserve Tom Eggleston - ProofID Recording Presentation,,https://events.identiverse.com/identiverse2023,https://events.identiverse.com/identiverse2023,0
conference_session,Identiverse,Identiverse 2023 archive,2023,Recording,Securing Organizations against Large Scale Identity Attacks Jose Rodriguez - IBM Priti Patil - IBM Recording Presentation,,https://events.identiverse.com/identiverse2023,https://events.identiverse.com/identiverse2023,0
conference_session,Identiverse,Identiverse 2023 archive,2023,Recording,The State of OAuth Aaron Parecki - Okta Recording Presentation,,https://events.identiverse.com/identiverse2023,https://events.identiverse.com/identiverse2023,0
conference_session,Identiverse,Identiverse 2023 archive,2023,Recording,Veza Presents: IGA Strategies for Achieving Least Privilege Rich Dandliker - Veza David Tyburski - Wynn Resorts Recording Presentation,access_governance,https://events.identiverse.com/identiverse2023,https://events.identiverse.com/identiverse2023,0
conference_session,Identiverse,Identiverse 2023 archive,2023,Recording,BeyondTrust Presents: Cyber-Defense Strategies to Protect Cloud Resources & Identities Morey Haber - BeyondTrust Recording Presentation,,https://events.identiverse.com/identiverse2023,https://events.identiverse.com/identiverse2023,0
conference_session,Identiverse,Identiverse 2023 archive,2023,Recording,Ceremonies Ian Glazer - IDPro Recording Presentation,,https://events.identiverse.com/identiverse2023,https://events.identiverse.com/identiverse2023,0
conference_session,Identiverse,Identiverse 2023 archive,2023,Recording,Connected Car Identity at Scale Steven Venema - ForgeRock Recording Presentation,,https://events.identiverse.com/identiverse2023,https://events.identiverse.com/identiverse2023,0
conference_session,Identiverse,Identiverse 2023 archive,2023,Recording,Liminal Presents: Unlocking the Power of Entity Verification Will Charnley - Liminal Recording Presentation,,https://events.identiverse.com/identiverse2023,https://events.identiverse.com/identiverse2023,0
conference_session,Identiverse,Identiverse 2023 archive,2023,Recording,Mission Possible: How I Defused an In-Progress Identity System Attack Guido Grillenmeier - Semperis Recording Presentation,,https://events.identiverse.com/identiverse2023,https://events.identiverse.com/identiverse2023,0
conference_session,Identiverse,Identiverse 2023 archive,2023,Recording,Signing Out and Session Management in 2023 Vittorio Bertocci - Auth0/Okta Recording Presentation,,https://events.identiverse.com/identiverse2023,https://events.identiverse.com/identiverse2023,0
conference_session,Identiverse,Identiverse 2023 archive,2023,Recording,Collision Course: Ethics vs. Human-Centered Design in the New Perimeter Nishant Kaushik - Uniken Inc. Recording Presentation,,https://events.identiverse.com/identiverse2023,https://events.identiverse.com/identiverse2023,0
conference_session,Identiverse,Identiverse 2023 archive,2023,Recording,Full Disclosure: Behind the Scenes of SD-JWT Brian Campbell - Ping Identity Recording Presentation,,https://events.identiverse.com/identiverse2023,https://events.identiverse.com/identiverse2023,0
conference_session,Identiverse,Identiverse 2023 archive,2023,Recording,Liminal Presents: The Business Case for Verifiable Credential Management Gilad Rosner - Liminal Recording Presentation,,https://events.identiverse.com/identiverse2023,https://events.identiverse.com/identiverse2023,0
conference_session,Identiverse,Identiverse 2023 archive,2023,Recording,Post-Compromise Persistence and Detection within IdPs Chaim Sanders - Lyft Recording Presentation,,https://events.identiverse.com/identiverse2023,https://events.identiverse.com/identiverse2023,0
conference_session,Identiverse,Identiverse 2023 archive,2023,Recording,"QOMPLX Presents: The Whole Nine Yards: Establish a Comprehensive Identity Security Stack for Your Business Derek Melber - QOMPLX, Inc. Recording Presentation",privacy_and_risk,https://events.identiverse.com/identiverse2023,https://events.identiverse.com/identiverse2023,0
conference_session,Identiverse,Identiverse 2023 archive,2023,1Kosmos presents: Fast Track Passwordless MFA by Avoiding Five Common Pitfalls Not Available Not Available Not Available,1Kosmos presents: Fast Track Passwordless MFA by Avoiding Five Common Pitfalls Not Available Not Available Not Available,,https://events.identiverse.com/identiverse2023,https://events.identiverse.com/identiverse2023,0
conference_session,Identiverse,Identiverse 2023 archive,2023,Recording,Optimizing UX for Passkeys Kevin Goldman - Trusona Cam Champeau - Sony Interactive Entertainment Niharika Ved - Intuit Sierre Wolfkostin - Cisco Recording Presentation,,https://events.identiverse.com/identiverse2023,https://events.identiverse.com/identiverse2023,0
conference_session,Identiverse,Identiverse 2023 archive,2023,Recording,PII in Practice: Protecting and Understanding Identity and its Vulnerabilities in Black Communities James Lee - Identity Theft Resource Center Glenance Green - Black Researchers Collective Tiye McKethen - ITRC Recording Presentation,,https://events.identiverse.com/identiverse2023,https://events.identiverse.com/identiverse2023,0
conference_session,Identiverse,Identiverse 2023 archive,2023,Recording,Ping Identity Presents: Passwords Gone in 60 Seconds John DaSilva - Ping Identity Yariv Levavi - Ping Identity Recording Presentation,,https://events.identiverse.com/identiverse2023,https://events.identiverse.com/identiverse2023,0
conference_session,Identiverse,Identiverse 2023 archive,2023,Recording,"QOMPLX Presents: Mind the Gap in Traditional Security: ITDR and Where It Fits in Your Identity Security Stack Brian Freedman - QOMPLX, Inc. Recording Presentation",privacy_and_risk,https://events.identiverse.com/identiverse2023,https://events.identiverse.com/identiverse2023,0
conference_session,Identiverse,Identiverse 2023 archive,2023,Recording,Understanding NIST Digital Identity Guidelines: A NIST SP 800-63-4 Master Class Ryan Galluzzo - NIST Andrew Regenscheid - NIST Recording Presentation,identity_representation,https://events.identiverse.com/identiverse2023,https://events.identiverse.com/identiverse2023,0
conference_session,Identiverse,Identiverse 2023 archive,2023,Recording,Passkey Early Adopters Fireside Chat Andrew Shikiar - FIDO Alliance Rakan Khalid - Intuit Christiaan Brand - Google Hannah Hodak - Hyatt Hotels Corporation Recording Presentation,,https://events.identiverse.com/identiverse2023,https://events.identiverse.com/identiverse2023,0
conference_session,Identiverse,Identiverse 2023 archive,2023,Recording,Ping Identity Presents: Faster User Experiences with Orchestration John DaSilva - Ping Identity Nathan Langton - Ping Identity Recording Presentation,,https://events.identiverse.com/identiverse2023,https://events.identiverse.com/identiverse2023,0
conference_session,Identiverse,Identiverse 2023 archive,2023,Recording,Prove You are You in a Zero Trust World Len Noe - CyberArk Recording Presentation,,https://events.identiverse.com/identiverse2023,https://events.identiverse.com/identiverse2023,0
conference_session,Identiverse,Identiverse 2023 archive,2023,Recording,Radiant Logic Presents: Getting Better Sleep with Analytics-Driven Identity Data Management Sebastien Faivre - Brainwave GRC Recording Presentation,,https://events.identiverse.com/identiverse2023,https://events.identiverse.com/identiverse2023,0
conference_session,Identiverse,Identiverse 2023 archive,2023,Recording,Realizing Universal Citizen-Centric Identity Elizabeth Garber - IDPartner Mark Haine - OpenID Foundation Recording Presentation,,https://events.identiverse.com/identiverse2023,https://events.identiverse.com/identiverse2023,0
conference_session,Identiverse,Identiverse 2023 archive,2023,Recording,Digital Identity Across the Globe Dima Postnikov - Australian Payments Plus Recording Presentation,identity_representation,https://events.identiverse.com/identiverse2023,https://events.identiverse.com/identiverse2023,0
conference_session,Identiverse,Identiverse 2023 archive,2023,Recording,HYPR Presents: Our Drive to Zero Passwords Ryan Rowcliffe - HYPR Cisa Kurian - CVS Health Recording Presentation,,https://events.identiverse.com/identiverse2023,https://events.identiverse.com/identiverse2023,0
conference_session,Identiverse,Identiverse 2023 archive,2023,Recording,Pandemic of Risk Perception: Understanding Human Behavior to Improve Identity Security Sarah Handler - Netflix Recording Presentation,privacy_and_risk,https://events.identiverse.com/identiverse2023,https://events.identiverse.com/identiverse2023,0
conference_session,Identiverse,Identiverse 2023 archive,2023,Recording,The Four Horsemen of the SSI Apocalypse Jeremy Grant - Venable LLP Recording Presentation,,https://events.identiverse.com/identiverse2023,https://events.identiverse.com/identiverse2023,0
conference_session,Identiverse,Identiverse 2023 archive,2023,Recording,The History and Future of Digital Wallets Stephen Wilson - Lockstep Consulting Recording Presentation,,https://events.identiverse.com/identiverse2023,https://events.identiverse.com/identiverse2023,0
conference_session,Identiverse,Identiverse 2023 archive,2023,Recording,Transmit Security Presents: Is It Time to Panic? How Attackers are Leveraging ChatGPT & How to Respond with Intelligent Identity-Security David Mahdi - Transmit Security Recording Presentation,privacy_and_risk,https://events.identiverse.com/identiverse2023,https://events.identiverse.com/identiverse2023,0
conference_session,Identiverse,Identiverse 2023 archive,2023,Recording,Trusting the Process - Real-life Lessons on Using Change Management for Zero Trust Success Sarah Villarmarzo - Easy Dynamics Recording Presentation,,https://events.identiverse.com/identiverse2023,https://events.identiverse.com/identiverse2023,0
conference_session,Identiverse,Identiverse 2023 archive,2023,Recording,Identity Under Attack: How Generative AI is Fueling Cybercrime as a Service Ashish Jain - Arkose Labs Recording Presentation,ai_and_automation,https://events.identiverse.com/identiverse2023,https://events.identiverse.com/identiverse2023,0
conference_session,Identiverse,Identiverse 2023 archive,2023,Recording,Lightweight Verifiable Credential Schema and Process Abbie Barbir - CVS Kim Duffy - Centre Consortium Recording Presentation,,https://events.identiverse.com/identiverse2023,https://events.identiverse.com/identiverse2023,0
conference_session,Identiverse,Identiverse 2023 archive,2023,Recording,Tuebora Presents: Policy-driven IGA – Why this approach produces better outcomes? Brian Iverson - Tuebora Recording Presentation,access_governance,https://events.identiverse.com/identiverse2023,https://events.identiverse.com/identiverse2023,0
conference_session,Identiverse,Identiverse 2023 archive,2023,Recording,Verifiable Credentials for the Identity Practitioner Vittorio Bertocci - Auth0/Okta Recording Presentation,,https://events.identiverse.com/identiverse2023,https://events.identiverse.com/identiverse2023,0
conference_session,Identiverse,Identiverse 2023 archive,2023,Recording,What is a Smart Wallet and How Might It be Implemented? Mark Haine - OpenID Foundation Nick Mothershaw - Open Identity Exchange Recording Presentation,,https://events.identiverse.com/identiverse2023,https://events.identiverse.com/identiverse2023,0
conference_session,Identiverse,Identiverse 2023 archive,2023,Recording,Who is PAM? Get to Know Her — She Should be a Part of Every Identity Conversation Grace Sands - KPMG Zach Limacher - KPMG Recording Presentation,,https://events.identiverse.com/identiverse2023,https://events.identiverse.com/identiverse2023,0
conference_session,Identiverse,Identiverse 2023 archive,2023,Presentation,Can Subsidiarity Save Decentralization? Eve Maler - ForgeRock Not Available Presentation,,https://events.identiverse.com/identiverse2023,https://events.identiverse.com/identiverse2023,0
conference_session,Identiverse,Identiverse 2023 archive,2023,Recording,E-Commerce Accounts' Anti-Fraud Measures: Balancing Security and Customer Friction Karthik Kotha - Kroger Recording Presentation,privacy_and_risk,https://events.identiverse.com/identiverse2023,https://events.identiverse.com/identiverse2023,0
conference_session,Identiverse,Identiverse 2023 archive,2023,Recording,Finding Your Calling: Becoming the Identity Professional Janelle Allen - Cisco - Webex Identity Recording Presentation,,https://events.identiverse.com/identiverse2023,https://events.identiverse.com/identiverse2023,0
conference_session,Identiverse,Identiverse 2023 archive,2023,Recording,IDMWORKS presents: Correctly planning your Identity & Access Management Journey Paul Bedi - IDMWORKS Recording Presentation,,https://events.identiverse.com/identiverse2023,https://events.identiverse.com/identiverse2023,0
conference_session,Identiverse,Identiverse 2023 archive,2023,Recording,The European Union Goes Decentralized — Standards and Technical Architecture Behind eIDAS v2 Torsten Lodderstedt - yes IDP GmbH Kristina Yasuda - Microsoft Recording Presentation,,https://events.identiverse.com/identiverse2023,https://events.identiverse.com/identiverse2023,0
conference_session,Identiverse,Identiverse 2023 archive,2023,Recording,The Ubiquitous Credential - Government-issued Identity in Your Phone and Your Life Heather Flanagan - Spherical Cow Consulting Mike Kiser - SailPoint Recording Presentation,,https://events.identiverse.com/identiverse2023,https://events.identiverse.com/identiverse2023,0
conference_session,Identiverse,Identiverse 2023 archive,2023,Session Title Speaker(s) Recording Presentation,Session Title Speaker(s) Recording Presentation,,https://events.identiverse.com/identiverse2023,https://events.identiverse.com/identiverse2023,0
conference_session,Identiverse,Identiverse 2023 archive,2023,Recording,Distributed and Delegated Access Management Hans Zandbelt - ZmartZone IAM Recording Presentation,identity_management,https://events.identiverse.com/identiverse2023,https://events.identiverse.com/identiverse2023,0
conference_session,Identiverse,Identiverse 2023 archive,2023,Recording,"IDMWORKS presents: Enabling a data driven Identity program using Data, Process and Risk Management Bill Willis - IDMWORKS Recording Presentation",privacy_and_risk,https://events.identiverse.com/identiverse2023,https://events.identiverse.com/identiverse2023,0
conference_session,Identiverse,Identiverse 2023 archive,2023,Recording,Investing in Identity: NIST's Digital Identity Roadmap Ryan Galluzzo - NIST Ketan Mehta - NIST Andrew Regenscheid - NIST Recording Presentation,identity_representation,https://events.identiverse.com/identiverse2023,https://events.identiverse.com/identiverse2023,0
conference_session,Identiverse,Identiverse 2023 archive,2023,Recording,"Liminal Presents: Consumer Identity: Trends, Innovations, and Customer Perspectives Julie Dawson - Yoti Gilad Rosner - Liminal Eve Maler - ForgeRock Recording Presentation",,https://events.identiverse.com/identiverse2023,https://events.identiverse.com/identiverse2023,0
conference_session,Identiverse,Identiverse 2023 archive,2023,Recording,Verifiable Digital Credentials: Comparison and Analysis of Emerging Issuance Protocol Standards Andrew Hughes - Ping Identity Torsten Lodderstedt - yes IDP GmbH Recording Presentation,,https://events.identiverse.com/identiverse2023,https://events.identiverse.com/identiverse2023,0
conference_session,Identiverse,Identiverse 2023 archive,2023,Recording,A Year with Passkeys Tim Cappalli - Microsoft Christiaan Brand - Google Matthew Miller - Cisco Christine Owen - Guidehouse Megan Shamas - FIDO Alliance Recording Presentation,,https://events.identiverse.com/identiverse2023,https://events.identiverse.com/identiverse2023,0
conference_session,Identiverse,Identiverse 2023 archive,2023,Recording,"Building Interoperable, Decentralized Identity Systems with OpenID for Verifiable Credentials Torsten Lodderstedt - yes IDP GmbH Kristina Yasuda - Microsoft Recording Presentation",,https://events.identiverse.com/identiverse2023,https://events.identiverse.com/identiverse2023,0
conference_session,Identiverse,Identiverse 2023 archive,2023,Recording,Enforcing Consent Conformance in Your Authorization Logic with a Fine-Grained Permissions Model Jean-Francois Lombardo - Amazon Web Services Jeremy Ware - Amazon Web Services Recording Presentation,,https://events.identiverse.com/identiverse2023,https://events.identiverse.com/identiverse2023,0
conference_session,Identiverse,Identiverse 2023 archive,2023,Recording,"QOMPLX Presents: Hybrid Active Directory Attacks: Anatomy and Defenses Derek Melber - QOMPLX, Inc. Recording Presentation",,https://events.identiverse.com/identiverse2023,https://events.identiverse.com/identiverse2023,0
conference_session,Identiverse,Identiverse 2023 archive,2023,Recording,Radiant Logic Presents: How to Tackle the 4 C’s on Your Road to Zero Trust Wade Ellery - Radiant Logic Recording Presentation,,https://events.identiverse.com/identiverse2023,https://events.identiverse.com/identiverse2023,0
conference_session,Identiverse,Identiverse 2023 archive,2023,Recording,Bringing National Australia Bank’s Digital Identity to Life: From Ideation to Market Launch Rick Iversen - Australian Payments Plus Natalie Reed - Deloitte Australia Linden Dawson - National Australia Bank Recording Presentation,identity_representation,https://events.identiverse.com/identiverse2023,https://events.identiverse.com/identiverse2023,0
conference_session,Identiverse,Identiverse 2023 archive,2023,Recording,High Security and Interoperable OAuth 2.0: What’s the Latest? Daniel Fett - Authlete Joseph Heenan - Authlete Recording Presentation,privacy_and_risk,https://events.identiverse.com/identiverse2023,https://events.identiverse.com/identiverse2023,0
conference_session,Identiverse,Identiverse 2023 archive,2023,Recording,IDMWORKS Presents: Modernizing your Consumer IAM Capabilities Nick Hunt - IDMWORKS Recording Presentation,identity_management,https://events.identiverse.com/identiverse2023,https://events.identiverse.com/identiverse2023,0
conference_session,Identiverse,Identiverse 2023 archive,2023,Recording,The Laws of Identity in the Era of Ubiquitous Identity Nat Sakimura - OpenID Foundation Recording Presentation,,https://events.identiverse.com/identiverse2023,https://events.identiverse.com/identiverse2023,0
conference_session,Identiverse,Identiverse 2023 archive,2023,Recording,Transmit Security Presents: Build a Robust New Account Opening Experience Without Compromising on Security Jacob Lehmann - Transmit Security Jim Winters - Transmit Security Recording Presentation,privacy_and_risk,https://events.identiverse.com/identiverse2023,https://events.identiverse.com/identiverse2023,0
conference_session,Identiverse,Identiverse 2023 archive,2023,Recording,Authentication: Tales from the Field David Martinache - Wavestone Recording Presentation,,https://events.identiverse.com/identiverse2023,https://events.identiverse.com/identiverse2023,0
conference_session,Identiverse,Identiverse 2023 archive,2023,Recording,How Much Data Do You Really Need to Collect to Know Your Customer? Denny Prvu - RBC Recording Presentation,,https://events.identiverse.com/identiverse2023,https://events.identiverse.com/identiverse2023,0
conference_session,Identiverse,Identiverse 2023 archive,2023,Recording,Microsoft Presents: The Imperative to Modernize – Saying Goodbye to ADFS and Going Beyond AD TJ Cutting - Microsoft David Gregory - Microsoft Recording Presentation,,https://events.identiverse.com/identiverse2023,https://events.identiverse.com/identiverse2023,0
conference_session,Identiverse,Identiverse 2023 archive,2023,Recording,BeyondTrust Presents: The 2023 Microsoft Vulnerabilities Report – Dissected Morey Haber - BeyondTrust Recording Presentation,,https://events.identiverse.com/identiverse2023,https://events.identiverse.com/identiverse2023,0
conference_session,Identiverse,Identiverse 2023 archive,2023,Recording,How Hyatt is Driving Exceptional Customer Experiences with Modern FIDO Passwordless Authentication Derek Hanson - Yubico Art Chernobrov - Hyatt Hotels Corporation Recording Presentation,,https://events.identiverse.com/identiverse2023,https://events.identiverse.com/identiverse2023,0
conference_session,Identiverse,Identiverse 2023 archive,2023,Recording,Identity as a Revenue Driver: Tales from the Product Side of Identity Hannah Sutor - GitLab Recording Presentation,,https://events.identiverse.com/identiverse2023,https://events.identiverse.com/identiverse2023,0
conference_session,Identiverse,Identiverse 2023 archive,2023,Recording,IDMWORKS Presents: Create your Identity Strategy for Building a Solid Foundation to Allow the Enforcement of Zero Trust Principles Abhi Sarmah - IDMWORKS Recording Presentation,,https://events.identiverse.com/identiverse2023,https://events.identiverse.com/identiverse2023,0
conference_session,Identiverse,Identiverse 2023 archive,2023,Recording,"QOMPLX Presents: The Silent Scream of Every Network: The Horror that is Hybrid Active Directory Security Derek Melber - QOMPLX, Inc. Recording Presentation",privacy_and_risk,https://events.identiverse.com/identiverse2023,https://events.identiverse.com/identiverse2023,0
conference_session,Identiverse,Identiverse 2023 archive,2023,Recording,Tilting at White Towers: Making Your Identity Architecture Actionable Stephen Hutchinson - Mitsubishi Bank of Tokyo Recording Presentation,,https://events.identiverse.com/identiverse2023,https://events.identiverse.com/identiverse2023,0
conference_session,Identiverse,Identiverse 2023 archive,2023,Recording,1Kosmos Presents: Bringing Verified Identity and Passwordless to the Masses Mike Engle - 1Kosmos Kevin Shanley - Amazon Web Services Recording Presentation,,https://events.identiverse.com/identiverse2023,https://events.identiverse.com/identiverse2023,0
conference_session,Identiverse,Identiverse 2023 archive,2023,Recording,Crumbling the Cookie: Fixing a Weak Link in Authentication on the Web Zachary Voase - Netflix Recording Presentation,,https://events.identiverse.com/identiverse2023,https://events.identiverse.com/identiverse2023,0
conference_session,Identiverse,Identiverse 2023 archive,2023,Recording,Do I Panic Now or Later? A Guide to Incident Response and Pressure Management Tia Louden - Microsoft Recording Presentation,,https://events.identiverse.com/identiverse2023,https://events.identiverse.com/identiverse2023,0
conference_session,Identiverse,Identiverse 2023 archive,2023,Recording,Securing Cross-Device Flows Using Zero Trust Principles Nick Ludwig - Microsoft Pieter Kasselman - Microsoft Recording Presentation,,https://events.identiverse.com/identiverse2023,https://events.identiverse.com/identiverse2023,0
conference_session,Identiverse,Identiverse 2023 archive,2023,Recording,The Not-So-Obvious Parts of Application Onboarding Tabitha Hancock - UberEther Recording Presentation,,https://events.identiverse.com/identiverse2023,https://events.identiverse.com/identiverse2023,0
conference_session,Identiverse,Identiverse 2023 archive,2023,Recording,Zero Identity Stephen Wilson - Lockstep Consulting Recording Presentation,,https://events.identiverse.com/identiverse2023,https://events.identiverse.com/identiverse2023,0
conference_session,Identiverse,Identiverse 2023 archive,2023,Recording,"Identity, Inclusion and the Importance of Mentorship Eliza Kuzmenko - Amazon Web Services Sarah Handler - Netflix Recording Presentation",inclusion_and_diversity,https://events.identiverse.com/identiverse2023,https://events.identiverse.com/identiverse2023,0
conference_session,Identiverse,Identiverse 2023 archive,2023,Recording,Lessons Learned in Implementing a Decentralised Identity Platform Daniel McGrogan - Workday Recording Presentation,,https://events.identiverse.com/identiverse2023,https://events.identiverse.com/identiverse2023,0
conference_session,Identiverse,Identiverse 2023 archive,2023,Recording,Okta Presents: Top Trends from Okta's 2023 Business at Work Report Eila Shargh - Okta Recording Presentation,,https://events.identiverse.com/identiverse2023,https://events.identiverse.com/identiverse2023,0
conference_session,Identiverse,Identiverse 2023 archive,2023,Recording,Representing Application Permissions Models via the SCIM 2.0 Roles and Entitlements Attributes Danny Zollner - Microsoft Recording Presentation,,https://events.identiverse.com/identiverse2023,https://events.identiverse.com/identiverse2023,0
conference_session,Identiverse,Identiverse 2023 archive,2023,Recording,Thinking Differently About Passkeys - New Threats Require a New Threat Model Dean Saxe - Amazon Web Services Recording Presentation,,https://events.identiverse.com/identiverse2023,https://events.identiverse.com/identiverse2023,0
conference_session,Identiverse,Identiverse 2023 archive,2023,Recording,Bringing Continual Dynamic Authorization to COTS Applications Paul Heaney - ProofID Recording Presentation,,https://events.identiverse.com/identiverse2023,https://events.identiverse.com/identiverse2023,0
conference_session,Identiverse,Identiverse 2023 archive,2023,Recording,CAEP Deep Dive: Implementing Session Revocation and Authorization Atul Tulshibagwale - SGNL Tim Cappalli - Microsoft Recording Presentation,,https://events.identiverse.com/identiverse2023,https://events.identiverse.com/identiverse2023,0
conference_session,Identiverse,Identiverse 2023 archive,2023,Recording,Critical Infrastructure: Can Legacy Apps and Modern MFA Coexist? Michael Rothschild - HYPR Recording Presentation,,https://events.identiverse.com/identiverse2023,https://events.identiverse.com/identiverse2023,0
conference_session,Identiverse,Identiverse 2023 archive,2023,Recording,Lessons Learned from Lessons Taught Lance Peterman - Equitable / Univ of North Carolina at Charlotte Recording Presentation,,https://events.identiverse.com/identiverse2023,https://events.identiverse.com/identiverse2023,0
conference_session,Identiverse,Identiverse 2023 archive,2023,Recording,Securing Microservice-based APIs Jonas Iggbom - Curity Recording Presentation,,https://events.identiverse.com/identiverse2023,https://events.identiverse.com/identiverse2023,0
conference_session,Identiverse,Identiverse 2023 archive,2023,Recording,Tuebora Presents: CIEM – What to Expect from an IGA Solution in a Multi-Cloud Environment Ashish Jhunjhunwala - Tuebora Recording Presentation,access_governance,https://events.identiverse.com/identiverse2023,https://events.identiverse.com/identiverse2023,0
conference_session,Identiverse,Identiverse 2023 archive,2023,Session Title Speaker(s) Recording Presentation,Session Title Speaker(s) Recording Presentation,,https://events.identiverse.com/identiverse2023,https://events.identiverse.com/identiverse2023,0
conference_session,Identiverse,Identiverse 2023 archive,2023,Recording,Bringing Identity Standards into the World of Critical Infrastructure Steven Venema - ForgeRock Recording Presentation,,https://events.identiverse.com/identiverse2023,https://events.identiverse.com/identiverse2023,0
conference_session,Identiverse,Identiverse 2023 archive,2023,Recording,"Building the Plane While Flying, (Or, How to Develop New Identity Talent) Arynn Crow - Amazon Web Services Recording Presentation",,https://events.identiverse.com/identiverse2023,https://events.identiverse.com/identiverse2023,0
conference_session,Identiverse,Identiverse 2023 archive,2023,Recording,Know thy Enemy: Understanding the Psychology of the Modern Identity Fraudster Halil Cem Tonguc - Onfido Recording Presentation,,https://events.identiverse.com/identiverse2023,https://events.identiverse.com/identiverse2023,0
conference_session,Identiverse,Identiverse 2023 archive,2023,Recording,Leveraging Multi-Device Passkeys in Regulated Markets Rolf Lindemann - Nok Nok Recording Presentation,,https://events.identiverse.com/identiverse2023,https://events.identiverse.com/identiverse2023,0
conference_session,Identiverse,Identiverse 2023 archive,2023,Recording,Open Banking and Open Data -The Global State of Play Dima Postnikov - Australian Payments Plus Ralph Bragg - Raidiam Recording Presentation,identity_management,https://events.identiverse.com/identiverse2023,https://events.identiverse.com/identiverse2023,0
conference_session,Identiverse,Identiverse 2023 archive,2023,Recording,The Real Dangers of Synthetic ID Amy Shuart - Onfido Recording Presentation,,https://events.identiverse.com/identiverse2023,https://events.identiverse.com/identiverse2023,0
conference_session,Identiverse,Identiverse 2023 archive,2023,Recording,Closing the Identity Gap Kay Chopard - Kantara Initiative Recording Presentation,,https://events.identiverse.com/identiverse2023,https://events.identiverse.com/identiverse2023,0
conference_session,Identiverse,Identiverse 2023 archive,2023,Recording,Jumpstart Your Privileged Account Management Program Ken Robertson - Fifth Third Bank Recording Presentation,,https://events.identiverse.com/identiverse2023,https://events.identiverse.com/identiverse2023,0
conference_session,Identiverse,Identiverse 2023 archive,2023,Recording,Navigating Your Career Development as an Identity Professional Jon Lehtinen - IDPro/Okta Recording Presentation,access_governance,https://events.identiverse.com/identiverse2023,https://events.identiverse.com/identiverse2023,0
conference_session,Identiverse,Identiverse 2023 archive,2023,Recording,"New Approach to IGA Governance: combining Identity, Device and Target governance into one - IDT. Vladislav Shapiro - Costidity Inc. Recording Presentation",access_governance,https://events.identiverse.com/identiverse2023,https://events.identiverse.com/identiverse2023,0
conference_session,Identiverse,Identiverse 2023 archive,2023,Recording,"Open Banking: Is It Actually Benefiting Fintechs, Banks, and End Users? Joseph Heenan - Authlete Dima Postnikov - Australian Payments Plus Recording Presentation",,https://events.identiverse.com/identiverse2023,https://events.identiverse.com/identiverse2023,0
conference_session,Identiverse,Identiverse 2023 archive,2023,Recording,"O Say, Can You See...an American Digital Identity Strategy? Jeremy Grant - Venable LLP Recording Presentation",identity_representation,https://events.identiverse.com/identiverse2023,https://events.identiverse.com/identiverse2023,0
conference_session,Identiverse,Identiverse 2023 archive,2023,Recording,Programming Engineers: How Standards Shape the Way We Work Justin Richer - Bespoke Engineering Recording Presentation,,https://events.identiverse.com/identiverse2023,https://events.identiverse.com/identiverse2023,0
conference_session,Identiverse,Identiverse 2023 archive,2023,Recording,Standards in IoT & Identity - How do they Play Together and What are the Gaps to Solve? Andre Priebe - iC Consult Recording Presentation,,https://events.identiverse.com/identiverse2023,https://events.identiverse.com/identiverse2023,0
conference_session,Identiverse,Identiverse 2023 archive,2023,Recording,Best Practices to Peacefully (and Successfully) Migrate from Password and Passwordless Chintan Jain - Hilton Recording Presentation,,https://events.identiverse.com/identiverse2023,https://events.identiverse.com/identiverse2023,0
conference_session,Identiverse,Identiverse 2023 archive,2023,Recording,Future-Proofing Against Quantum Computing Threats Teresa Wu - IDEMIA Olivier Nora - IDEMIA Recording Presentation,,https://events.identiverse.com/identiverse2023,https://events.identiverse.com/identiverse2023,0
conference_session,Identiverse,Identiverse 2023 archive,2023,Recording,Getting it Right: The Business Case for Knowing Your Customers Vikas Mundada - Ping Identity Lynette Hushen - Ping Identity Recording Presentation,,https://events.identiverse.com/identiverse2023,https://events.identiverse.com/identiverse2023,0
conference_session,Identiverse,Identiverse 2023 archive,2023,Recording,Identity Expansion Across Highly Regulated Jurisdictions Brittany Weinstein - KPMG Recording Presentation,,https://events.identiverse.com/identiverse2023,https://events.identiverse.com/identiverse2023,0
conference_session,Identiverse,Identiverse 2023 archive,2023,Recording,Jumping the Identity S Curve: Achieving Privacy- Preserving Identity Verification and Federation While Reducing IT and Security Costs Tina Srivastava - Badge Inc. Recording Presentation,privacy_and_risk,https://events.identiverse.com/identiverse2023,https://events.identiverse.com/identiverse2023,0
conference_session,Identiverse,Identiverse 2023 archive,2023,Recording,The Butterfly Effect of Standards Development Heather Flanagan - Spherical Cow Consulting Mike Kiser - SailPoint Recording Presentation,,https://events.identiverse.com/identiverse2023,https://events.identiverse.com/identiverse2023,0
conference_session,Identiverse,Identiverse 2023 archive,2023,Recording,A Miracle Pill for Enterprise SAML David Brossard - Axiomatics Sam Rosen - Salesforce Pranesh Radhakrishnan - Salesforce Recording Presentation,,https://events.identiverse.com/identiverse2023,https://events.identiverse.com/identiverse2023,0
conference_session,Identiverse,Identiverse 2023 archive,2023,Recording,Building and Protecting a Digital Society: Lessons Learned Unlocking Digital Identities Joseph Carson - Delinea Recording Presentation,,https://events.identiverse.com/identiverse2023,https://events.identiverse.com/identiverse2023,0
conference_session,Identiverse,Identiverse 2023 archive,2023,Recording,What to Consider to Build a Great Passkey User Experience Huan Liu - Block Inc. Recording Presentation,,https://events.identiverse.com/identiverse2023,https://events.identiverse.com/identiverse2023,0
conference_session,Gartner IAM Summit,Gartner IAM sessions,2026,Gartner.com,"Gartner.com Global Conferences Calendar Conference Navigator Sign In Sign In Sign In Gartner Identity & Access Management Summit December 7 – 9, 2026 Las Vegas, NV Register Now Gartner Identity & Access Management Summit December 7 – 9, 2026 Las Vegas, NV Overview Experience Sessions Speakers Exhibitors Venue Register Now Gartner.com Global Conferences Calendar",access_governance,https://www.gartner.com/en/conferences/na/identity-access-management-us/sessions,https://www.gartner.com/en/conferences/na/identity-access-management-us/sessions,0
conference_session,Gartner IAM Summit,Gartner IAM sessions,2025,Conference Topics at a Glance,"Explore this year’s topics View topics for IT and IAM executives and dive into last year’s sessions while we work on the full 2026 agenda. .bgImageParent-1780997311183 { border: none; background: linear-gradient(180deg, #000811 0%, #002856 100%); } Learn more about Gartner Identity & Access Management Summit 2026. Get our latest conference schedules, updates and insights sent straight to your inbox. Work Email Person Type Continue By clicking the ""Continue"" button, you are agreeing to the Gartner Terms of Use and Privacy Policy. Contact Information All fields are required. First Name Last Name Business Phone Country/Region/Territory Person Type Job Title Company Name Job Function Job Role Please provide the consent below I have read, understood and accepted Gartner Separate Consent Letter , whereby I agree (1) to provide Gartner with my personal information, and understand that information will be transferred outside of mainland China and processed by Gartner group companies and other legitimate processing parties and (2) to be contacted by Gartner group companies via internet, mobile/telephone and email, for the purposes of sales, marketing and research. By clicking the ""Submit"" button, you are agreeing to the Gartner Terms of Use and Privacy Policy. Back Submit Conference Topics at a Glance The 2026 agenda delivers the latest technology, strategy and leadership insights across key topic areas, covering the challenges most critical to IT and IAM executives. IAM for Agentic AI Agentic AI introduces new identity, access and trust challenges. Learn how to define, govern and secure AI agent identities, enforce least privilege and apply behavior‑based policies in autonomous, machine‑speed environments. IAM Program and Strategy Successful IAM requires more than tools. Explore how to build and sustain an IAM program with clear governance, roadmaps, metrics and executive alignment — while delivering business value under budget and resource constraints. Machine IAM/Nonhuman Identities Nonhuman identities now outnumber humans. Discover how to manage life cycle, access and governance for machines, workloads, service accounts and APIs — reducing risk from unmanaged and over‑privileged identities. View All Topics Look back at 2025 conference sessions Hundreds of conference sessions were presented each day at Gartner Identity & Access Management Summit 2025. While we work to develop this year’s agenda, filter to see sessions that align with your role and interests. Show Filters .st0 { fill: #FFFFFF; font-weight: bold; } Filter Sessions Cancel Track Track A: IAM Program Management & Leadership Track B: Access Management & Authentication Track C: Identity Governance & Administration Track D: Privileged Access Management Track E: Visibility & Observability Track F: Cybersecurity & Enablement Spotlight Track: Agentic AI and Emerging Technologies Spotlight Track: Technical Insights and Standards Topic Access Management (AM) Architecting IAM Authentication Authorization Business Enablement Customer Identity Access Management (CIAM) Cybersecurity and Privacy Gen AI and Emerging Technologies IAM Discovery IAM Program Management IAM Resilience IAM Standards IAM Visibility and Observability Identity and Access Data Identity and Access Intelligence Identity Governance and Administration (IGA) Identity Verification Leadership Machine IAM Maximizing Business Value Privileged Access Management (PAM) Session Type Ask the Expert Contract Negotiation Clinics Keynote Receptions Roundtables Solution Provider Sessions Theater Sessions Track Sessions Workshops Day Day 1 Day 2 Day 3 Clear All See 198 Sessions No Results Showing 198 Sessions Clear All Monday, December 08, 2025 09:30 AM - 10:15 AM CST Gartner Opening Keynote: Identity at the Core Michael Kelley, Sr Director Analyst, Gartner Akif Khan, VP Analyst, Gartner Identity and access management is at the core of modern business. Shaped by both internal and external forces, IAM is now a key capability that businesses need to compete and thrive - from securing the use of AI agents to safely enabling competitive customer experiences. However, its importance is not always recognised, and IAM leaders must work to address this. Developing and leading a resilient IAM function must now be a central tenet of any IAM team's strategy in order to confidently anchor the business from the core. ... Show More Show Less 10:30 AM - 10:50 AM CST Axiomatics: Zero Trust for AI - The Many Facets of Access Control for MCP, Agents, Bots, and more David Brossard, CHIEF TECHNOLOGY OFFICER, Axiomatics AI is revolutionizing work, creating opportunities, and boosting customer experiences. With great power comes an even greater need to secure access to the data & services we’re now running with the help of AI. How do you make sure your team gets the right insights without peeking into data they’re not entitled to? We will show how runtime authorization can help and provide attendees with a roadmap to secure the use of AI within the enterprise. ... Show More Show Less 10:30 AM - 10:50 AM CST PlainID: Anatomy of an AI Breach: A Real-life Look at Agentic Access Control Failure Mickey Martin, VP, SALES ENGINEERING, PlainID This session deconstructs the anatomy of these new AI-driven security failures. We will look at traditional approaches and the gaps left across the entire AI lifecycle, grounding the analysis in a case study from a Fortune 500 professional services company that extended its strong authorization framework across its agentic AI enterprise systems. Discuss a practical playbook: a modern, Zero Trust framework for governing the entire AI workflow. ... Show More Show Less 11:00 AM - 11:45 AM CST Ask the Expert: How to Adopt Decentralized Identity and Verifiable Credentials Homan Farahmand, VP Analyst, Gartner Decentralized identity and verifiable credentials technology and architecture are continuously evolving. However, adoption can be challenging. In this session, we address your questions about adoption issues, including practical use cases, ecosystem modeling, governance frameworks, and technology maturity and evaluation. ... Show More Show Less 11:00 AM - 11:30 AM CST Guidance for Successful Privileged Access Management Deployment In this breakout session, we'll explore the critical importance of privileged access management (PAM), its essential objectives and how to reap out the right benefits from a PAM implementation . We'll discuss how to adapt your internal processes and operating model to effectively support PAM tools and provide strategies to enhance your PAM maturity. ... Show More Show Less 11:00 AM - 11:30 AM CST Guidance for Workforce Identity Verification James Hoover, Sr Principal Analyst, Gartner Where and how should IDV be incorporated into workforce IAM? What technical and cultural considerations must be taken into account that are unique from regulatory or compliance IDV scenarios . ... Show More Show Less 11:00 AM - 11:30 AM CST High-Value AI Use Cases for IAM Nathan Harris, Sr Director Analyst, Gartner While AI holds the promise for automation and efficiency, not all IAM use cases are equally suited for AI enablement. This session will walk through Gartner research related to AI for IAM use cases, including agentic AI, and help IAM leaders focus AI adoption plans on the most beneficial use cases. ... Show More Show Less 11:00 AM - 11:30 AM CST How to Become a Top Performing IAM Leader Rebecca Archambault, Sr Director Analyst, Gartner What is the formula for success for an IAM leader? How does the IAM leader work with many stakeholders to achieve goals and solve challenges? How do successful leaders align their work to the desired impact and value? This session will leave you with four steps to establish a trust foundation, which will guide IAM leaders and position them for success. ... Show More Show Less 11:00 AM - 11:45 AM CST Peer Meetup: IAM for Agentic AI and Emerging Technologies Come together for a discussion with peers to discuss best practices and challenges around Agentic AI and Emerging Technologies. Peer Meetups are networking sessions that allow you to connect and share with a small group of your peers, without Gartner facilitation. Please make every effort to attend your Peer Meetup as other attendees will be looking forward to meeting with you. ... Show More Show Less ... Show More Show Less Items per page: 9 9 18 36 1 – 9 of 198 Items 1 of 22 Pages Sorry, no sessions match your criteria. Please refine your filters to display sessions. .bgImageParent-1780997311211 { border: none; background: linear-gradient(180deg, #000811 0%, #002856 100%); } “Comprehensive coverage over what many consider to be a niche security topic. Insightful discussion on best practices, major players and up-and-coming solution providers.” Brian Curl CISO, Rogers Corporation Discover what it’s like to experience Gartner IAM Summit. Dive Into the Experience",identity_management; access_governance; ai_and_automation; privacy_and_risk,https://www.gartner.com/en/conferences/na/identity-access-management-us/sessions,https://www.gartner.com/en/conferences/na/identity-access-management-us/sessions,0
conference_session,Gartner IAM Summit,Gartner IAM sessions,2026,Conference Topics at a Glance,"Conference Topics at a Glance The 2026 agenda delivers the latest technology, strategy and leadership insights across key topic areas, covering the challenges most critical to IT and IAM executives.",identity_management,https://www.gartner.com/en/conferences/na/identity-access-management-us/sessions,https://www.gartner.com/en/conferences/na/identity-access-management-us/sessions,0
conference_session,Gartner IAM Summit,Gartner IAM sessions,2026,"The 2026 agenda delivers the latest technology, strategy and leadership insights across key topic areas, covering the ch","The 2026 agenda delivers the latest technology, strategy and leadership insights across key topic areas, covering the challenges most critical to IT and IAM executives.",identity_management,https://www.gartner.com/en/conferences/na/identity-access-management-us/sessions,https://www.gartner.com/en/conferences/na/identity-access-management-us/sessions,0
conference_session,Gartner IAM Summit,Gartner IAM sessions,2025,Gartner Opening Keynote: Identity at the Core,"Look back at 2025 conference sessions Hundreds of conference sessions were presented each day at Gartner Identity & Access Management Summit 2025. While we work to develop this year’s agenda, filter to see sessions that align with your role and interests. Show Filters .st0 { fill: #FFFFFF; font-weight: bold; } Filter Sessions Cancel Track Track A: IAM Program Management & Leadership Track B: Access Management & Authentication Track C: Identity Governance & Administration Track D: Privileged Access Management Track E: Visibility & Observability Track F: Cybersecurity & Enablement Spotlight Track: Agentic AI and Emerging Technologies Spotlight Track: Technical Insights and Standards Topic Access Management (AM) Architecting IAM Authentication Authorization Business Enablement Customer Identity Access Management (CIAM) Cybersecurity and Privacy Gen AI and Emerging Technologies IAM Discovery IAM Program Management IAM Resilience IAM Standards IAM Visibility and Observability Identity and Access Data Identity and Access Intelligence Identity Governance and Administration (IGA) Identity Verification Leadership Machine IAM Maximizing Business Value Privileged Access Management (PAM) Session Type Ask the Expert Contract Negotiation Clinics Keynote Receptions Roundtables Solution Provider Sessions Theater Sessions Track Sessions Workshops Day Day 1 Day 2 Day 3 Clear All See 198 Sessions No Results Showing 198 Sessions Clear All Monday, December 08, 2025 09:30 AM - 10:15 AM CST Gartner Opening Keynote: Identity at the Core Michael Kelley, Sr Director Analyst, Gartner Akif Khan, VP Analyst, Gartner Identity and access management is at the core of modern business. Shaped by both internal and external forces, IAM is now a key capability that businesses need to compete and thrive - from securing the use of AI agents to safely enabling competitive customer experiences. However, its importance is not always recognised, and IAM leaders must work to address this. Developing and leading a resilient IAM function must now be a central tenet of any IAM team's strategy in order to confidently anchor the business from the core. ... Show More Show Less 10:30 AM - 10:50 AM CST Axiomatics: Zero Trust for AI - The Many Facets of Access Control for MCP, Agents, Bots, and more David Brossard, CHIEF TECHNOLOGY OFFICER, Axiomatics AI is revolutionizing work, creating opportunities, and boosting customer experiences. With great power comes an even greater need to secure access to the data & services we’re now running with the help of AI. How do you make sure your team gets the right insights without peeking into data they’re not entitled to? We will show how runtime authorization can help and provide attendees with a roadmap to secure the use of AI within the enterprise. ... Show More Show Less 10:30 AM - 10:50 AM CST PlainID: Anatomy of an AI Breach: A Real-life Look at Agentic Access Control Failure Mickey Martin, VP, SALES ENGINEERING, PlainID This session deconstructs the anatomy of these new AI-driven security failures. We will look at traditional approaches and the gaps left across the entire AI lifecycle, grounding the analysis in a case study from a Fortune 500 professional services company that extended its strong authorization framework across its agentic AI enterprise systems. Discuss a practical playbook: a modern, Zero Trust framework for governing the entire AI workflow. ... Show More Show Less 11:00 AM - 11:45 AM CST Ask the Expert: How to Adopt Decentralized Identity and Verifiable Credentials Homan Farahmand, VP Analyst, Gartner Decentralized identity and verifiable credentials technology and architecture are continuously evolving. However, adoption can be challenging. In this session, we address your questions about adoption issues, including practical use cases, ecosystem modeling, governance frameworks, and technology maturity and evaluation. ... Show More Show Less 11:00 AM - 11:30 AM CST Guidance for Successful Privileged Access Management Deployment In this breakout session, we'll explore the critical importance of privileged access management (PAM), its essential objectives and how to reap out the right benefits from a PAM implementation . We'll discuss how to adapt your internal processes and operating model to effectively support PAM tools and provide strategies to enhance your PAM maturity. ... Show More Show Less 11:00 AM - 11:30 AM CST Guidance for Workforce Identity Verification James Hoover, Sr Principal Analyst, Gartner Where and how should IDV be incorporated into workforce IAM? What technical and cultural considerations must be taken into account that are unique from regulatory or compliance IDV scenarios . ... Show More Show Less 11:00 AM - 11:30 AM CST High-Value AI Use Cases for IAM Nathan Harris, Sr Director Analyst, Gartner While AI holds the promise for automation and efficiency, not all IAM use cases are equally suited for AI enablement. This session will walk through Gartner research related to AI for IAM use cases, including agentic AI, and help IAM leaders focus AI adoption plans on the most beneficial use cases. ... Show More Show Less 11:00 AM - 11:30 AM CST How to Become a Top Performing IAM Leader Rebecca Archambault, Sr Director Analyst, Gartner What is the formula for success for an IAM leader? How does the IAM leader work with many stakeholders to achieve goals and solve challenges? How do successful leaders align their work to the desired impact and value? This session will leave you with four steps to establish a trust foundation, which will guide IAM leaders and position them for success. ... Show More Show Less 11:00 AM - 11:45 AM CST Peer Meetup: IAM for Agentic AI and Emerging Technologies Come together for a discussion with peers to discuss best practices and challenges around Agentic AI and Emerging Technologies. Peer Meetups are networking sessions that allow you to connect and share with a small group of your peers, without Gartner facilitation. Please make every effort to attend your Peer Meetup as other attendees will be looking forward to meeting with you. ... Show More Show Less ... Show More Show Less Items per page: 9 9 18 36 1 – 9 of 198 Items 1 of 22 Pages Sorry, no sessions match your criteria. Please refine your filters to display sessions.",identity_management; access_governance; ai_and_automation; privacy_and_risk,https://www.gartner.com/en/conferences/na/identity-access-management-us/sessions,https://www.gartner.com/en/conferences/na/identity-access-management-us/sessions,0
conference_session,Gartner IAM Summit,Gartner IAM sessions,2026,Gartner Opening Keynote: Identity at the Core,"09:30 AM - 10:15 AM CST Gartner Opening Keynote: Identity at the Core Michael Kelley, Sr Director Analyst, Gartner Akif Khan, VP Analyst, Gartner Identity and access management is at the core of modern business. Shaped by both internal and external forces, IAM is now a key capability that businesses need to compete and thrive - from securing the use of AI agents to safely enabling competitive customer experiences. However, its importance is not always recognised, and IAM leaders must work to address this. Developing and leading a resilient IAM function must now be a central tenet of any IAM team's strategy in order to confidently anchor the business from the core. ... Show More Show Less",identity_management; ai_and_automation,https://www.gartner.com/en/conferences/na/identity-access-management-us/sessions,https://www.gartner.com/en/conferences/na/identity-access-management-us/sessions,0
conference_session,Gartner IAM Summit,Gartner IAM sessions,2026,PlainID: Anatomy of an AI Breach: A Real-life Look at Agentic Access Control Failure,"10:30 AM - 10:50 AM CST PlainID: Anatomy of an AI Breach: A Real-life Look at Agentic Access Control Failure Mickey Martin, VP, SALES ENGINEERING, PlainID This session deconstructs the anatomy of these new AI-driven security failures. We will look at traditional approaches and the gaps left across the entire AI lifecycle, grounding the analysis in a case study from a Fortune 500 professional services company that extended its strong authorization framework across its agentic AI enterprise systems. Discuss a practical playbook: a modern, Zero Trust framework for governing the entire AI workflow. ... Show More Show Less",ai_and_automation; privacy_and_risk,https://www.gartner.com/en/conferences/na/identity-access-management-us/sessions,https://www.gartner.com/en/conferences/na/identity-access-management-us/sessions,0
conference_session,Gartner IAM Summit,Gartner IAM sessions,2026,Ask the Expert: How to Adopt Decentralized Identity and Verifiable Credentials,"11:00 AM - 11:45 AM CST Ask the Expert: How to Adopt Decentralized Identity and Verifiable Credentials Homan Farahmand, VP Analyst, Gartner Decentralized identity and verifiable credentials technology and architecture are continuously evolving. However, adoption can be challenging. In this session, we address your questions about adoption issues, including practical use cases, ecosystem modeling, governance frameworks, and technology maturity and evaluation. ... Show More Show Less",,https://www.gartner.com/en/conferences/na/identity-access-management-us/sessions,https://www.gartner.com/en/conferences/na/identity-access-management-us/sessions,0
conference_session,Gartner IAM Summit,Gartner IAM sessions,2026,Guidance for Successful Privileged Access Management Deployment,"11:00 AM - 11:30 AM CST Guidance for Successful Privileged Access Management Deployment In this breakout session, we'll explore the critical importance of privileged access management (PAM), its essential objectives and how to reap out the right benefits from a PAM implementation . We'll discuss how to adapt your internal processes and operating model to effectively support PAM tools and provide strategies to enhance your PAM maturity. ... Show More Show Less",access_governance,https://www.gartner.com/en/conferences/na/identity-access-management-us/sessions,https://www.gartner.com/en/conferences/na/identity-access-management-us/sessions,0
conference_session,Gartner IAM Summit,Gartner IAM sessions,2026,High-Value AI Use Cases for IAM,"11:00 AM - 11:30 AM CST High-Value AI Use Cases for IAM Nathan Harris, Sr Director Analyst, Gartner While AI holds the promise for automation and efficiency, not all IAM use cases are equally suited for AI enablement. This session will walk through Gartner research related to AI for IAM use cases, including agentic AI, and help IAM leaders focus AI adoption plans on the most beneficial use cases. ... Show More Show Less",identity_management; ai_and_automation,https://www.gartner.com/en/conferences/na/identity-access-management-us/sessions,https://www.gartner.com/en/conferences/na/identity-access-management-us/sessions,0
conference_session,Gartner IAM Summit,Gartner IAM sessions,2026,How to Become a Top Performing IAM Leader,"11:00 AM - 11:30 AM CST How to Become a Top Performing IAM Leader Rebecca Archambault, Sr Director Analyst, Gartner What is the formula for success for an IAM leader? How does the IAM leader work with many stakeholders to achieve goals and solve challenges? How do successful leaders align their work to the desired impact and value? This session will leave you with four steps to establish a trust foundation, which will guide IAM leaders and position them for success. ... Show More Show Less",identity_management,https://www.gartner.com/en/conferences/na/identity-access-management-us/sessions,https://www.gartner.com/en/conferences/na/identity-access-management-us/sessions,0
conference_session,Gartner IAM Summit,Gartner IAM sessions,2026,Peer Meetup: IAM for Agentic AI and Emerging Technologies,"11:00 AM - 11:45 AM CST Peer Meetup: IAM for Agentic AI and Emerging Technologies Come together for a discussion with peers to discuss best practices and challenges around Agentic AI and Emerging Technologies. Peer Meetups are networking sessions that allow you to connect and share with a small group of your peers, without Gartner facilitation. Please make every effort to attend your Peer Meetup as other attendees will be looking forward to meeting with you. ... Show More Show Less",identity_management; ai_and_automation,https://www.gartner.com/en/conferences/na/identity-access-management-us/sessions,https://www.gartner.com/en/conferences/na/identity-access-management-us/sessions,0
conference_session,Gartner IAM Summit EMEA,Gartner IAM EMEA sessions,2026,Gartner.com,"Gartner.com Global Conferences Calendar Conference Navigator Sign In Sign In Sign In Gartner Identity & Access Management Summit 8 – 9 March 2027 London, U.K. Register Now Gartner Identity & Access Management Summit 8 – 9 March 2027 London, U.K. Overview Experience Sessions Speakers Exhibitors Venue Register Now Gartner.com Global Conferences Calendar",access_governance,https://www.gartner.com/en/conferences/emea/identity-access-management-uk/sessions,https://www.gartner.com/en/conferences/emea/identity-access-management-uk/sessions,0
conference_session,Gartner IAM Summit EMEA,Gartner IAM EMEA sessions,2026,Session Takeaways,"All 2026 Conference Sessions Gartner Identity & Access Management Summit 2026 dove deep into key topics for IAM around program management, agentic AI, optimizing resources and more. .bgImageParent-1780997312361 { border: none; background: linear-gradient(180deg, #000811 0%, #002856 100%); } Session Takeaways Dive into some of the key takeaways you may have missed from Gartner Identity & Access Management Summit. Day 1 Takeaways Gartner Opening Keynote: Identity at the Core Speakers: Michael Kelley, Sr Director Analyst, Gartner Akif Khan, VP Analyst, Gartner Key takeaways: Implement IAM as the business control plane to enable resilient and secure digital services IAM is essential to modern business, yet its value is often unrecognized due to budget limitations, communication issues, and insufficient decisionmaking authority for IAM teams Change this perception by using outcome-driven metrics, storytelling, and clear strategy communication to advocate for greater recognition and decision rights Session: How to Secure and Govern Microsoft 365 Copilot and Agents at Scale Speaker: Max Goss, Sr Director Analyst, Gartner Key Takeaways: Establish a multidisciplinary approach to M365 Copilot governance, including digital workplace, compliance, identity and security teams. Identify your sensitive information and high-risk users, and leverage data security and identity governance tools to apply protection. Design mandatory responsible AI training to educate employees on how to work safely with AI tools, adopting a “trust but verify” approach. Day 2 Takeaways Session: How is Decentralized Identity Changing IAM? Speaker: Michael Kelley, Sr Director Analyst, Gartner Key takeaways: Explore your environment for any possible use cases for verifiable credentials and determine which of those use cases would make the most sense as a POC. Decide what good looks like for a POC, and if your focus is on saving time and money, or user experience. If the POC is successful, operationalize it and move it to production, if the POC is not successful, fail fast and move onto the next most viable candidate. Session: The Top Predictions of Cybersecurity Speaker: Charlie Winckless, VP Analyst, Gartner Key takeaways: Predict: Through 2030, 1/3 of the work in IT will be spent remediating AI data debt to secure AI. Key Action: Assess data and prioritise remediation efforts for collaborative teams Predict: By 2027, 30% of organizations will require comprehensive sovereignty of their cloud security controls to address continued geopolitical turmoil. Key Action: Inventory your cloud-tethered security solutions and their current sovereignty Predict: By 2030, the C-suite will require CISOs forecast the financial impact of control friction, not just the business impact of cyber threats. Key Action: Design limited innovation zones to allow experimentation with lowered risk Be the first to receive the 2027 conference agenda. Get the latest details around the 2027 conference agenda, speakers and more straight to your inbox. Work Email Person Type Continue By clicking the ""Continue"" button, you are agreeing to the Gartner Terms of Use and Privacy Policy. Contact Information All fields are required. First Name Last Name Business Phone Country/Region/Territory Person Type Job Title Company Name Job Function Job Role Please provide the consent below I have read, understood and accepted Gartner Separate Consent Letter , whereby I agree (1) to provide Gartner with my personal information, and understand that information will be transferred outside of mainland China and processed by Gartner group companies and other legitimate processing parties and (2) to be contacted by Gartner group companies via internet, mobile/telephone and email, for the purposes of sales, marketing and research. By clicking the ""Sign Up"" button, you are agreeing to the Gartner Terms of Use and Privacy Policy. Back Sign Up Look back at 2026 Conference Sessions Hundreds of conference sessions were presented each day at Gartner Identity & Access Management Summit 2026. While we work to develop the 2027 agenda, filter to see sessions that align with your role and interests. Show Filters .st0 { fill: #FFFFFF; font-weight: bold; } Filter Sessions Cancel Track A: Access Management & Authentication B: Cybersecurity & Enablement C: IAM Program Management & Leadership D: Identity Governance and Administration (IGA) E: Privileged Access Management F: Visibility & Observability Spotlight : Agentic AI and Emerging Technologies Spotlight: Technical Insights and Standards Topic Access Management (AM) Architecting IAM Authentication Authorization Business Enablement Customer Identity Access Management (CIAM) Cybersecurity and Privacy Gen AI and Emerging Technologies IAM Program Management IAM Resilience IAM Standards IAM Visibility and Observability Identity Governance and Administration (IGA) Identity Verification Identity and Access Data Identity and Access Intelligence Leadership Machine IAM Maximizing Business Value Privileged Access Management (PAM) Day Day 1 Day 2 Clear All See 130 Sessions No Results Showing 130 Sessions Clear All Monday, 09 March, 2026 09:30 AM - 10:15 AM GMT Gartner Opening Keynote: Identity at the Core Akif Khan, VP Analyst, Gartner Michael Kelley, Sr Director Analyst, Gartner Amid geopolitical volatility and economic uncertainties, Identity and Access Management (IAM) is crucial for business operations and cybersecurity, ensuring resilience through secure interactions among people, machines, and organizations. As digital innovations like cloud computing and AI evolve, IAM adapts to counter emerging cyber threats. The Identity and Access Management Summit offers leaders guidance on building scalable, efficient IAM infrastructures in today's complex environment. ... Show More Show Less 10:30 AM - 10:50 AM GMT Okta: Identity as the Guardian - Securing the New World of Agentic AI Arkadiusz Krowczynski, Principal Product Acceleration Specialist, Okta Agentic AI is here, acting as a non-human workforce with access to sensitive data and tasks. Yet, a critical question remains: who vouches for their identity? Without governance, these autonomous agents create a profound security void. We face a future of impersonation, privilege escalation, and data exfiltration if we cannot verify that an AI ""colleague"" is truly who it claims to be. Securing this new frontier is no longer optional. ... Show More Show Less 10:30 AM - 10:50 AM GMT Silverfort: Most Privileged Users Aren’t People, How Vaultless PAM Can Protect All Rob Ainscough, Chief Identity Security Advisor - Emea, Silverfort Privileged access used to be a human problem. Admins, root accounts, shared passwords. Meanwhile, the attack surface has changed. While Active Directory remains central, protection must now extend to machine identities and agentic AI. In this session, learn why attackers succeed against privileged accounts and how a modern, vaultless PAM approach can build a confident & resilient core that contains risk & protects every type of identity, fast. ... Show More Show Less 11:00 AM - 11:45 AM GMT Ask the Expert: How to Modernize Machine IAM? Steve Wessels, Director Analyst, Gartner Current machine identity and access management (IAM) practices are fragmented and insufficient, leading to potential security and compliance risks. To address these challenges, IAM leaders should enhance and unify their existing approaches to better secure machine identities. Additionally, it is essential to modernize machine IAM practices in collaboration with all stakeholders, emphasizing just-in-time credentialing, proactive management of technology debt, and continuous monitoring to safeguard critical assets. ... Show More Show Less 11:00 AM - 11:45 AM GMT Ask the Expert: How to Use Privacy-Enhancing Technologies to Reduce AI Risks Bernard Woo, VP Analyst, Gartner The risks of exposing personal data must be mitigated in order to gain the trust of customers and employees over the deployment of AI, particularly tools like GenAI. Participate in this session to ask questions about how privacy-enhancing technologies represent a fundamental set of tools for reducing privacy risks when using or developing AI solutions. ... Show More Show Less 11:00 AM - 11:30 AM GMT Guidance for Successful Privileged Access Management Deployment Gautham Mudra, Sr Director Analyst, Gartner In this breakout session, we'll explore the critical importance of privileged access management (PAM), its essential objectives and how to reap out the right benefits from a PAM implementation . We'll discuss how to adapt your internal processes and operating model to effectively support PAM tools and provide strategies to enhance your PAM maturity. ... Show More Show Less 11:00 AM - 11:30 AM GMT High-Value AI Use Cases for IAM Nathan Harris, Sr Director Analyst, Gartner While AI holds the promise for automation and efficiency, not all IAM use cases are equally suited for AI enablement. This session will walk through Gartner research related to AI for IAM use cases, including agentic AI, and help IAM leaders focus AI adoption plans on the most beneficial use cases. ... Show More Show Less 11:00 AM - 11:30 AM GMT How to Become a Top Performing IAM Leader Rebecca Archambault, Sr Director Analyst, Gartner What is the formula for success for an IAM leader? How does the IAM leader work with many stakeholders to achieve goals and solve challenges? How do successful leaders align their work to the desired impact and value? This session will leave you with four steps to establish a trust foundation, which will guide IAM leaders and position them for success. ... Show More Show Less 11:00 AM - 11:45 AM GMT IAM for Agentic AI and Emerging Technologies Peer Meetup Come together for a discussion with peers to discuss best practices and challenges around Agentic AI and Emerging Technologies. Peer Meetups are networking sessions that allow you to connect and share with a small group of your peers, without Gartner facilitation. Please make every effort to attend your Peer Meetup as other attendees will be looking forward to meeting with you. ... Show More Show Less ... Show More Show Less Items per page: 9 9 18 36 1 – 9 of 130 Items 1 of 14 Pages Sorry, no sessions match your criteria. Please refine your filters to display sessions. .bgImageParent-1780997312388 { border: none; background: linear-gradient(180deg, #000811 0%, #002856 100%); } “The conference wasn’t just about theory — it offered actionable take-aways that we could immediately implement. Whether you’re modernizing your IAM approach, navigating compliance or strengthening cloud security, this conference delivers practical, cutting-edge insights.” Dominik Beier Architekt, Munich Re Discover what it’s like to experience #GartnerIAM Dive Into the Experience",identity_management; access_governance; ai_and_automation; privacy_and_risk,https://www.gartner.com/en/conferences/emea/identity-access-management-uk/sessions,https://www.gartner.com/en/conferences/emea/identity-access-management-uk/sessions,0
conference_session,Gartner IAM Summit EMEA,Gartner IAM EMEA sessions,2026,Session Takeaways,"Session Takeaways Dive into some of the key takeaways you may have missed from Gartner Identity & Access Management Summit. Day 1 Takeaways Gartner Opening Keynote: Identity at the Core Speakers: Michael Kelley, Sr Director Analyst, Gartner Akif Khan, VP Analyst, Gartner Key takeaways: Implement IAM as the business control plane to enable resilient and secure digital services IAM is essential to modern business, yet its value is often unrecognized due to budget limitations, communication issues, and insufficient decisionmaking authority for IAM teams Change this perception by using outcome-driven metrics, storytelling, and clear strategy communication to advocate for greater recognition and decision rights Session: How to Secure and Govern Microsoft 365 Copilot and Agents at Scale Speaker: Max Goss, Sr Director Analyst, Gartner Key Takeaways: Establish a multidisciplinary approach to M365 Copilot governance, including digital workplace, compliance, identity and security teams. Identify your sensitive information and high-risk users, and leverage data security and identity governance tools to apply protection. Design mandatory responsible AI training to educate employees on how to work safely with AI tools, adopting a “trust but verify” approach. Day 2 Takeaways Session: How is Decentralized Identity Changing IAM? Speaker: Michael Kelley, Sr Director Analyst, Gartner Key takeaways: Explore your environment for any possible use cases for verifiable credentials and determine which of those use cases would make the most sense as a POC. Decide what good looks like for a POC, and if your focus is on saving time and money, or user experience. If the POC is successful, operationalize it and move it to production, if the POC is not successful, fail fast and move onto the next most viable candidate. Session: The Top Predictions of Cybersecurity Speaker: Charlie Winckless, VP Analyst, Gartner Key takeaways: Predict: Through 2030, 1/3 of the work in IT will be spent remediating AI data debt to secure AI. Key Action: Assess data and prioritise remediation efforts for collaborative teams Predict: By 2027, 30% of organizations will require comprehensive sovereignty of their cloud security controls to address continued geopolitical turmoil. Key Action: Inventory your cloud-tethered security solutions and their current sovereignty Predict: By 2030, the C-suite will require CISOs forecast the financial impact of control friction, not just the business impact of cyber threats. Key Action: Design limited innovation zones to allow experimentation with lowered risk",identity_management; access_governance; ai_and_automation; privacy_and_risk,https://www.gartner.com/en/conferences/emea/identity-access-management-uk/sessions,https://www.gartner.com/en/conferences/emea/identity-access-management-uk/sessions,0
conference_session,Gartner IAM Summit EMEA,Gartner IAM EMEA sessions,2026,Gartner Opening Keynote: Identity at the Core,"Gartner Opening Keynote: Identity at the Core Speakers: Michael Kelley, Sr Director Analyst, Gartner Akif Khan, VP Analyst, Gartner Key takeaways: Implement IAM as the business control plane to enable resilient and secure digital services IAM is essential to modern business, yet its value is often unrecognized due to budget limitations, communication issues, and insufficient decisionmaking authority for IAM teams Change this perception by using outcome-driven metrics, storytelling, and clear strategy communication to advocate for greater recognition and decision rights Session: How to Secure and Govern Microsoft 365 Copilot and Agents at Scale Speaker: Max Goss, Sr Director Analyst, Gartner Key Takeaways: Establish a multidisciplinary approach to M365 Copilot governance, including digital workplace, compliance, identity and security teams. Identify your sensitive information and high-risk users, and leverage data security and identity governance tools to apply protection. Design mandatory responsible AI training to educate employees on how to work safely with AI tools, adopting a “trust but verify” approach.",identity_management; access_governance; ai_and_automation; privacy_and_risk,https://www.gartner.com/en/conferences/emea/identity-access-management-uk/sessions,https://www.gartner.com/en/conferences/emea/identity-access-management-uk/sessions,0
conference_session,Gartner IAM Summit EMEA,Gartner IAM EMEA sessions,2026,Session: How is Decentralized Identity Changing IAM?,"Session: How is Decentralized Identity Changing IAM? Speaker: Michael Kelley, Sr Director Analyst, Gartner Key takeaways: Explore your environment for any possible use cases for verifiable credentials and determine which of those use cases would make the most sense as a POC. Decide what good looks like for a POC, and if your focus is on saving time and money, or user experience. If the POC is successful, operationalize it and move it to production, if the POC is not successful, fail fast and move onto the next most viable candidate. Session: The Top Predictions of Cybersecurity Speaker: Charlie Winckless, VP Analyst, Gartner Key takeaways: Predict: Through 2030, 1/3 of the work in IT will be spent remediating AI data debt to secure AI. Key Action: Assess data and prioritise remediation efforts for collaborative teams Predict: By 2027, 30% of organizations will require comprehensive sovereignty of their cloud security controls to address continued geopolitical turmoil. Key Action: Inventory your cloud-tethered security solutions and their current sovereignty Predict: By 2030, the C-suite will require CISOs forecast the financial impact of control friction, not just the business impact of cyber threats. Key Action: Design limited innovation zones to allow experimentation with lowered risk",identity_management; ai_and_automation; privacy_and_risk,https://www.gartner.com/en/conferences/emea/identity-access-management-uk/sessions,https://www.gartner.com/en/conferences/emea/identity-access-management-uk/sessions,0
conference_session,Gartner IAM Summit EMEA,Gartner IAM EMEA sessions,2026,Gartner Terms of Use,"Be the first to receive the 2027 conference agenda. Get the latest details around the 2027 conference agenda, speakers and more straight to your inbox. Work Email Person Type Continue By clicking the ""Continue"" button, you are agreeing to the Gartner Terms of Use and Privacy Policy. Contact Information All fields are required. First Name Last Name Business Phone Country/Region/Territory Person Type Job Title Company Name Job Function Job Role Please provide the consent below I have read, understood and accepted Gartner Separate Consent Letter , whereby I agree (1) to provide Gartner with my personal information, and understand that information will be transferred outside of mainland China and processed by Gartner group companies and other legitimate processing parties and (2) to be contacted by Gartner group companies via internet, mobile/telephone and email, for the purposes of sales, marketing and research. By clicking the ""Sign Up"" button, you are agreeing to the Gartner Terms of Use and Privacy Policy. Back Sign Up",privacy_and_risk,https://www.gartner.com/en/conferences/emea/identity-access-management-uk/sessions,https://www.gartner.com/en/conferences/emea/identity-access-management-uk/sessions,0
conference_session,Gartner IAM Summit EMEA,Gartner IAM EMEA sessions,2026,Gartner Opening Keynote: Identity at the Core,"Look back at 2026 Conference Sessions Hundreds of conference sessions were presented each day at Gartner Identity & Access Management Summit 2026. While we work to develop the 2027 agenda, filter to see sessions that align with your role and interests. Show Filters .st0 { fill: #FFFFFF; font-weight: bold; } Filter Sessions Cancel Track A: Access Management & Authentication B: Cybersecurity & Enablement C: IAM Program Management & Leadership D: Identity Governance and Administration (IGA) E: Privileged Access Management F: Visibility & Observability Spotlight : Agentic AI and Emerging Technologies Spotlight: Technical Insights and Standards Topic Access Management (AM) Architecting IAM Authentication Authorization Business Enablement Customer Identity Access Management (CIAM) Cybersecurity and Privacy Gen AI and Emerging Technologies IAM Program Management IAM Resilience IAM Standards IAM Visibility and Observability Identity Governance and Administration (IGA) Identity Verification Identity and Access Data Identity and Access Intelligence Leadership Machine IAM Maximizing Business Value Privileged Access Management (PAM) Day Day 1 Day 2 Clear All See 130 Sessions No Results Showing 130 Sessions Clear All Monday, 09 March, 2026 09:30 AM - 10:15 AM GMT Gartner Opening Keynote: Identity at the Core Akif Khan, VP Analyst, Gartner Michael Kelley, Sr Director Analyst, Gartner Amid geopolitical volatility and economic uncertainties, Identity and Access Management (IAM) is crucial for business operations and cybersecurity, ensuring resilience through secure interactions among people, machines, and organizations. As digital innovations like cloud computing and AI evolve, IAM adapts to counter emerging cyber threats. The Identity and Access Management Summit offers leaders guidance on building scalable, efficient IAM infrastructures in today's complex environment. ... Show More Show Less 10:30 AM - 10:50 AM GMT Okta: Identity as the Guardian - Securing the New World of Agentic AI Arkadiusz Krowczynski, Principal Product Acceleration Specialist, Okta Agentic AI is here, acting as a non-human workforce with access to sensitive data and tasks. Yet, a critical question remains: who vouches for their identity? Without governance, these autonomous agents create a profound security void. We face a future of impersonation, privilege escalation, and data exfiltration if we cannot verify that an AI ""colleague"" is truly who it claims to be. Securing this new frontier is no longer optional. ... Show More Show Less 10:30 AM - 10:50 AM GMT Silverfort: Most Privileged Users Aren’t People, How Vaultless PAM Can Protect All Rob Ainscough, Chief Identity Security Advisor - Emea, Silverfort Privileged access used to be a human problem. Admins, root accounts, shared passwords. Meanwhile, the attack surface has changed. While Active Directory remains central, protection must now extend to machine identities and agentic AI. In this session, learn why attackers succeed against privileged accounts and how a modern, vaultless PAM approach can build a confident & resilient core that contains risk & protects every type of identity, fast. ... Show More Show Less 11:00 AM - 11:45 AM GMT Ask the Expert: How to Modernize Machine IAM? Steve Wessels, Director Analyst, Gartner Current machine identity and access management (IAM) practices are fragmented and insufficient, leading to potential security and compliance risks. To address these challenges, IAM leaders should enhance and unify their existing approaches to better secure machine identities. Additionally, it is essential to modernize machine IAM practices in collaboration with all stakeholders, emphasizing just-in-time credentialing, proactive management of technology debt, and continuous monitoring to safeguard critical assets. ... Show More Show Less 11:00 AM - 11:45 AM GMT Ask the Expert: How to Use Privacy-Enhancing Technologies to Reduce AI Risks Bernard Woo, VP Analyst, Gartner The risks of exposing personal data must be mitigated in order to gain the trust of customers and employees over the deployment of AI, particularly tools like GenAI. Participate in this session to ask questions about how privacy-enhancing technologies represent a fundamental set of tools for reducing privacy risks when using or developing AI solutions. ... Show More Show Less 11:00 AM - 11:30 AM GMT Guidance for Successful Privileged Access Management Deployment Gautham Mudra, Sr Director Analyst, Gartner In this breakout session, we'll explore the critical importance of privileged access management (PAM), its essential objectives and how to reap out the right benefits from a PAM implementation . We'll discuss how to adapt your internal processes and operating model to effectively support PAM tools and provide strategies to enhance your PAM maturity. ... Show More Show Less 11:00 AM - 11:30 AM GMT High-Value AI Use Cases for IAM Nathan Harris, Sr Director Analyst, Gartner While AI holds the promise for automation and efficiency, not all IAM use cases are equally suited for AI enablement. This session will walk through Gartner research related to AI for IAM use cases, including agentic AI, and help IAM leaders focus AI adoption plans on the most beneficial use cases. ... Show More Show Less 11:00 AM - 11:30 AM GMT How to Become a Top Performing IAM Leader Rebecca Archambault, Sr Director Analyst, Gartner What is the formula for success for an IAM leader? How does the IAM leader work with many stakeholders to achieve goals and solve challenges? How do successful leaders align their work to the desired impact and value? This session will leave you with four steps to establish a trust foundation, which will guide IAM leaders and position them for success. ... Show More Show Less 11:00 AM - 11:45 AM GMT IAM for Agentic AI and Emerging Technologies Peer Meetup Come together for a discussion with peers to discuss best practices and challenges around Agentic AI and Emerging Technologies. Peer Meetups are networking sessions that allow you to connect and share with a small group of your peers, without Gartner facilitation. Please make every effort to attend your Peer Meetup as other attendees will be looking forward to meeting with you. ... Show More Show Less ... Show More Show Less Items per page: 9 9 18 36 1 – 9 of 130 Items 1 of 14 Pages Sorry, no sessions match your criteria. Please refine your filters to display sessions.",identity_management; access_governance; ai_and_automation; privacy_and_risk,https://www.gartner.com/en/conferences/emea/identity-access-management-uk/sessions,https://www.gartner.com/en/conferences/emea/identity-access-management-uk/sessions,0
conference_session,Gartner IAM Summit EMEA,Gartner IAM EMEA sessions,2026,Gartner Opening Keynote: Identity at the Core,"09:30 AM - 10:15 AM GMT Gartner Opening Keynote: Identity at the Core Akif Khan, VP Analyst, Gartner Michael Kelley, Sr Director Analyst, Gartner Amid geopolitical volatility and economic uncertainties, Identity and Access Management (IAM) is crucial for business operations and cybersecurity, ensuring resilience through secure interactions among people, machines, and organizations. As digital innovations like cloud computing and AI evolve, IAM adapts to counter emerging cyber threats. The Identity and Access Management Summit offers leaders guidance on building scalable, efficient IAM infrastructures in today's complex environment. ... Show More Show Less",identity_management; ai_and_automation; privacy_and_risk,https://www.gartner.com/en/conferences/emea/identity-access-management-uk/sessions,https://www.gartner.com/en/conferences/emea/identity-access-management-uk/sessions,0
conference_session,Gartner IAM Summit EMEA,Gartner IAM EMEA sessions,2026,"Silverfort: Most Privileged Users Aren’t People, How Vaultless PAM Can Protect All","10:30 AM - 10:50 AM GMT Silverfort: Most Privileged Users Aren’t People, How Vaultless PAM Can Protect All Rob Ainscough, Chief Identity Security Advisor - Emea, Silverfort Privileged access used to be a human problem. Admins, root accounts, shared passwords. Meanwhile, the attack surface has changed. While Active Directory remains central, protection must now extend to machine identities and agentic AI. In this session, learn why attackers succeed against privileged accounts and how a modern, vaultless PAM approach can build a confident & resilient core that contains risk & protects every type of identity, fast. ... Show More Show Less",access_governance; ai_and_automation; privacy_and_risk,https://www.gartner.com/en/conferences/emea/identity-access-management-uk/sessions,https://www.gartner.com/en/conferences/emea/identity-access-management-uk/sessions,0
conference_session,Gartner IAM Summit EMEA,Gartner IAM EMEA sessions,2026,Ask the Expert: How to Use Privacy-Enhancing Technologies to Reduce AI Risks,"11:00 AM - 11:45 AM GMT Ask the Expert: How to Use Privacy-Enhancing Technologies to Reduce AI Risks Bernard Woo, VP Analyst, Gartner The risks of exposing personal data must be mitigated in order to gain the trust of customers and employees over the deployment of AI, particularly tools like GenAI. Participate in this session to ask questions about how privacy-enhancing technologies represent a fundamental set of tools for reducing privacy risks when using or developing AI solutions. ... Show More Show Less",access_governance; ai_and_automation; privacy_and_risk,https://www.gartner.com/en/conferences/emea/identity-access-management-uk/sessions,https://www.gartner.com/en/conferences/emea/identity-access-management-uk/sessions,0
conference_session,Gartner IAM Summit EMEA,Gartner IAM EMEA sessions,2026,Guidance for Successful Privileged Access Management Deployment,"11:00 AM - 11:30 AM GMT Guidance for Successful Privileged Access Management Deployment Gautham Mudra, Sr Director Analyst, Gartner In this breakout session, we'll explore the critical importance of privileged access management (PAM), its essential objectives and how to reap out the right benefits from a PAM implementation . We'll discuss how to adapt your internal processes and operating model to effectively support PAM tools and provide strategies to enhance your PAM maturity. ... Show More Show Less",access_governance,https://www.gartner.com/en/conferences/emea/identity-access-management-uk/sessions,https://www.gartner.com/en/conferences/emea/identity-access-management-uk/sessions,0
conference_session,Gartner IAM Summit EMEA,Gartner IAM EMEA sessions,2026,High-Value AI Use Cases for IAM,"11:00 AM - 11:30 AM GMT High-Value AI Use Cases for IAM Nathan Harris, Sr Director Analyst, Gartner While AI holds the promise for automation and efficiency, not all IAM use cases are equally suited for AI enablement. This session will walk through Gartner research related to AI for IAM use cases, including agentic AI, and help IAM leaders focus AI adoption plans on the most beneficial use cases. ... Show More Show Less",identity_management; ai_and_automation,https://www.gartner.com/en/conferences/emea/identity-access-management-uk/sessions,https://www.gartner.com/en/conferences/emea/identity-access-management-uk/sessions,0
conference_session,Gartner IAM Summit EMEA,Gartner IAM EMEA sessions,2026,How to Become a Top Performing IAM Leader,"11:00 AM - 11:30 AM GMT How to Become a Top Performing IAM Leader Rebecca Archambault, Sr Director Analyst, Gartner What is the formula for success for an IAM leader? How does the IAM leader work with many stakeholders to achieve goals and solve challenges? How do successful leaders align their work to the desired impact and value? This session will leave you with four steps to establish a trust foundation, which will guide IAM leaders and position them for success. ... Show More Show Less",identity_management,https://www.gartner.com/en/conferences/emea/identity-access-management-uk/sessions,https://www.gartner.com/en/conferences/emea/identity-access-management-uk/sessions,0
conference_session,Gartner IAM Summit EMEA,Gartner IAM EMEA sessions,2026,IAM for Agentic AI and Emerging Technologies Peer Meetup,"11:00 AM - 11:45 AM GMT IAM for Agentic AI and Emerging Technologies Peer Meetup Come together for a discussion with peers to discuss best practices and challenges around Agentic AI and Emerging Technologies. Peer Meetups are networking sessions that allow you to connect and share with a small group of your peers, without Gartner facilitation. Please make every effort to attend your Peer Meetup as other attendees will be looking forward to meeting with you. ... Show More Show Less",identity_management; ai_and_automation,https://www.gartner.com/en/conferences/emea/identity-access-management-uk/sessions,https://www.gartner.com/en/conferences/emea/identity-access-management-uk/sessions,0
conference_session,Identiverse,Identiverse session archive,2026,The Event,The Event Agenda Attending Companies Speakers Women in Identiverse Networking NHI + AI Pavilion The Exchange Sponsors Partners Venue,ai_and_automation,https://identiverse.com/session,https://identiverse.com/session,0
conference_session,Identiverse,Identiverse session archive,2026,Workshops + Summit,Workshops + Summit AI Identity Continuous Identity Passkeys + Wallets Non-Human & Agentic AI Identity,ai_and_automation,https://identiverse.com/session,https://identiverse.com/session,0
